id;request_id;idempotency_key;source_system;api_version;endpoint;client_reference;received_at;created_at;transaction_ingestion_id;api_access_token_id
1;indeed;crushing yak gadzooks;circa phooey save;uniform;before until;taxicab;2026-07-07T04:49:00;2026-07-07T05:44:59;1;1
2;silently guidance;torn excitedly;boohoo;hoarse blah schlep;duh;confute;2026-07-07T04:34:26;2026-07-06T20:19:25;2;2
3;sure-footed glisten ideal;wetly give offset;concentration bowling lawmaker;viability whoever;spotless;whenever;2026-07-07T05:59:47;2026-07-06T20:07:22;3;3
4;gulp down pace;bobble consequently hungrily;cruel;premise boo;armoire;drat uh-huh overspend;2026-07-07T00:36:19;2026-07-06T20:13:30;4;4
5;whoa;psst regularly;including pfft;rally vivid marten;seal bootleg splay;rag gnash next;2026-07-07T09:24:09;2026-07-07T17:02:16;5;5
6;utter although;since sundae pigsty;likewise obligation platter;contractor mortar;oh hundred;atrium reopen;2026-07-07T09:07:31;2026-07-06T21:09:17;6;6
7;up wetly;considering dull;fess provided;intensely;where tomatillo;yum yeast;2026-07-07T15:28:34;2026-07-07T05:05:26;7;7
8;storyboard;rudely almost acclaimed;magnificent;effector;beside;rosemary;2026-07-07T17:19:25;2026-07-07T05:21:48;8;8
9;utilization menacing triumphantly;how;shout decent exasperation;stake;briefly delightfully;mmm swift drab;2026-07-07T00:48:42;2026-07-07T12:28:20;9;9
10;for whose;when across;provided;proceed abaft;bare nor;ramp abaft chops;2026-07-07T13:26:15;2026-07-06T22:18:49;10;10
